{
  // These tasks will run in order when initializing your CodeSandbox project.
  "setupTasks": [
    {
      "name": "Install Dependencies",
      "command": "yarn install"
    }
  ],
    // These tasks can be run from CodeSandbox. Running one will open a log in the app.
    "tasks": {
        "node node_modules/@angular/cli/bin/ng serve -o --disable-host-check": {
            "name": "Start Project",
            "command": "node node_modules/@angular/cli/bin/ng serve -o --disable-host-check",
            "runAtStart": true
        }
    }
}